QID,Method,Prompt,Entity,Relation,Ontology,Question,Answer
B-266,In-Context Learning,"Generate 10 questions with answer similar to questions, Q1:What are some common encryption techniques? Q2: What is the purpose of encrypting network data?  Use JSON format.","['encryption', 'network data']",['has_a'],"[['tool', 'has_a', 'function']]",What are some benefits of using encryption for network data protection?,"Benefits of using encryption for network data protection include securing sensitive information from unauthorized access, preventing data breaches, complying with privacy regulations, establishing secure communication channels, and protecting against eavesdropping or interception."
B-267,In-Context Learning,"Generate 10 questions with answer similar to questions, Q1:What are some common encryption techniques? Q2: What is the purpose of encrypting network data?  Use JSON format.","['encryption', 'network data']",['has_a'],"[['tool', 'has_a', 'function']]",In what scenarios is encryption commonly used for network data protection?,"Encryption is commonly used for network data protection in scenarios such as online banking transactions, e-commerce websites, secure email communication, virtual private networks (VPNs), secure file transfers, or any communication where data confidentiality and integrity are paramount."
B-268,In-Context Learning,"Generate 10 questions with answer similar to questions, Q1:What are some common encryption techniques? Q2: What is the purpose of encrypting network data?  Use JSON format.","['encryption', 'network data']",['has_a'],"[['tool', 'has_a', 'function']]",What are some challenges or considerations when implementing encryption for network data protection?,"Challenges in implementing encryption for network data protection include key management, performance impact, compatibility between different encryption algorithms or protocols, ensuring secure key exchange, and balancing security with usability to avoid hindering user experience."
B-269,In-Context Learning,"Generate 10 questions with answer similar to questions, Q1: How can decryption help in analyzing vulnerabilities? Q2: What kind of vulnerabilities can decryption help to uncover?  Use JSON format.","['decryption', 'vulnerabilities']",['can_analyze'],"[['function', 'can_analyze', 'vulnerability']]",How can decryption assist in analyzing vulnerabilities?,"Decryption can assist in analyzing vulnerabilities by allowing security researchers or analysts to inspect the contents of encrypted data, understand the communication protocols or encryption algorithms employed, identify potential weaknesses or flaws, and discover vulnerabilities that could be exploited by attackers."
B-270,In-Context Learning,"Generate 10 questions with answer similar to questions, Q1: How can decryption help in analyzing vulnerabilities? Q2: What kind of vulnerabilities can decryption help to uncover?  Use JSON format.","['decryption', 'vulnerabilities']",['can_analyze'],"[['function', 'can_analyze', 'vulnerability']]",What kind of vulnerabilities can decryption help to uncover?,"Decryption can help uncover various vulnerabilities, including weak encryption algorithms, insecure encryption implementations, improper key management practices, cryptographic protocol vulnerabilities, encryption-related misconfigurations, or vulnerabilities in encryption libraries or software."
B-271,In-Context Learning,"Generate 10 questions with answer similar to questions, Q1: How can decryption help in analyzing vulnerabilities? Q2: What kind of vulnerabilities can decryption help to uncover?  Use JSON format.","['decryption', 'vulnerabilities']",['can_analyze'],"[['function', 'can_analyze', 'vulnerability']]",How does decryption aid in identifying weaknesses in encryption algorithms?,"By decrypting encrypted data, security professionals can analyze the encryption algorithm's strength and identify any weaknesses, such as vulnerabilities to known cryptographic attacks, insecure key sizes, inadequate randomness, or susceptibility to brute-force or cryptographic analysis."
B-272,In-Context Learning,"Generate 10 questions with answer similar to questions, Q1: How can decryption help in analyzing vulnerabilities? Q2: What kind of vulnerabilities can decryption help to uncover?  Use JSON format.","['decryption', 'vulnerabilities']",['can_analyze'],"[['function', 'can_analyze', 'vulnerability']]",In what way can decryption assist in detecting insecure encryption implementations?,"Decryption can help detect insecure encryption implementations by revealing implementation flaws, incorrect usage of encryption algorithms or modes, flawed padding schemes, or weak cryptographic key generation. Analyzing the decrypted data can expose vulnerabilities resulting from poor encryption implementation practices."
B-273,In-Context Learning,"Generate 10 questions with answer similar to questions, Q1: How can decryption help in analyzing vulnerabilities? Q2: What kind of vulnerabilities can decryption help to uncover?  Use JSON format.","['decryption', 'vulnerabilities']",['can_analyze'],"[['function', 'can_analyze', 'vulnerability']]",How can decryption aid in discovering vulnerabilities in cryptographic protocols?,"Decryption allows for the inspection of encrypted network traffic, enabling the identification of vulnerabilities in cryptographic protocols. It helps uncover weaknesses, protocol downgrade attacks, potential weaknesses in key exchange or authentication mechanisms, or vulnerabilities in the negotiation or handling of cryptographic parameters."
B-274,In-Context Learning,"Generate 10 questions with answer similar to questions, Q1: How can decryption help in analyzing vulnerabilities? Q2: What kind of vulnerabilities can decryption help to uncover?  Use JSON format.","['decryption', 'vulnerabilities']",['can_analyze'],"[['function', 'can_analyze', 'vulnerability']]",What role does decryption play in identifying encryption-related misconfigurations?,"Decryption enables the examination of encrypted data and assists in identifying encryption-related misconfigurations, such as weak cipher suites, improper certificate configurations, incorrect usage of cryptographic algorithms or modes, or misconfigured encryption key management systems."
B-275,In-Context Learning,"Generate 10 questions with answer similar to questions, Q1: How can decryption help in analyzing vulnerabilities? Q2: What kind of vulnerabilities can decryption help to uncover?  Use JSON format.","['decryption', 'vulnerabilities']",['can_analyze'],"[['function', 'can_analyze', 'vulnerability']]",How can decryption help in uncovering vulnerabilities in encryption libraries or software?,"Decryption allows security professionals to analyze encrypted data processed by encryption libraries or software. By decrypting and studying the output, vulnerabilities in the encryption libraries, software implementations, or integration issues with other components can be identified, helping improve overall security."
B-276,In-Context Learning,"Generate 10 questions with answer similar to questions, Q1: How can decryption help in analyzing vulnerabilities? Q2: What kind of vulnerabilities can decryption help to uncover?  Use JSON format.","['decryption', 'vulnerabilities']",['can_analyze'],"[['function', 'can_analyze', 'vulnerability']]",Can decryption assist in identifying vulnerabilities specific to encrypted communication channels?,"Yes, decryption can assist in identifying vulnerabilities specific to encrypted communication channels. It helps detect weaknesses in secure channels, uncover potential man-in-the-middle attacks, identify cipher downgrade attacks, or reveal vulnerabilities in certificate validation, thereby enhancing the security of encrypted communication."
B-277,In-Context Learning,"Generate 10 questions with answer similar to questions, Q1: How can decryption help in analyzing vulnerabilities? Q2: What kind of vulnerabilities can decryption help to uncover?  Use JSON format.","['decryption', 'vulnerabilities']",['can_analyze'],"[['function', 'can_analyze', 'vulnerability']]",What challenges or limitations should be considered when using decryption to analyze vulnerabilities?,"Some challenges or limitations of using decryption for vulnerability analysis include the availability of decryption keys, legal and ethical considerations regarding decrypting sensitive data, the complexity of encryption algorithms, resource-intensive decryption processes, and the need for expertise in cryptography and vulnerability analysis."
B-278,In-Context Learning,"Generate 10 questions with answer similar to questions, Q1: How can decryption help in analyzing vulnerabilities? Q2: What kind of vulnerabilities can decryption help to uncover?  Use JSON format.","['decryption', 'vulnerabilities']",['can_analyze'],"[['function', 'can_analyze', 'vulnerability']]",How can organizations leverage decryption for vulnerability analysis in their security practices?,"Organizations can leverage decryption for vulnerability analysis by conducting controlled decryption of encrypted data in secure environments, employing cryptographic experts or security professionals, integrating decryption into their incident response or threat hunting workflows, and utilizing specialized tools or technologies designed for vulnerability analysis."
B-279,In-Context Learning,"Generate 10 questions with answer similar to questions, Q1: What is the SHA algorithm used for? Q2: How does SHA protect user data?  Use JSON format.","['SHA algorithm', 'user data']","['uses', 'has_a']","[['user', 'uses', 'data'], ['function', 'has_a', 'feature'], ['feature', 'uses', 'data']]",What is the purpose of the SHA algorithm?,"The SHA (Secure Hash Algorithm) is a cryptographic hash function used to generate a unique fixed-size hash value, typically represented as a sequence of alphanumeric characters. It is primarily used for data integrity verification, password hashing, digital signatures, and as a building block in other cryptographic algorithms."
B-280,In-Context Learning,"Generate 10 questions with answer similar to questions, Q1: What is the SHA algorithm used for? Q2: How does SHA protect user data?  Use JSON format.","['SHA algorithm', 'user data']","['uses', 'has_a']","[['user', 'uses', 'data'], ['function', 'has_a', 'feature'], ['feature', 'uses', 'data']]",How does the SHA algorithm protect user data?,"The SHA algorithm protects user data by producing a hash value that is unique to the input data. This hash value acts as a digital fingerprint for the data, allowing integrity checks to be performed. By comparing the computed hash value with the original hash value, users can verify that the data has not been tampered with or modified."
B-281,In-Context Learning,"Generate 10 questions with answer similar to questions, Q1: What is the SHA algorithm used for? Q2: How does SHA protect user data?  Use JSON format.","['SHA algorithm', 'user data']","['uses', 'has_a']","[['user', 'uses', 'data'], ['function', 'has_a', 'feature'], ['feature', 'uses', 'data']]",What are the different variants of the SHA algorithm?,"The SHA algorithm has several variants, including SHA-1, SHA-256, SHA-384, and SHA-512. These variants differ in their hash length, security strength, and computational complexity. SHA-256 is widely used for data integrity checks and password hashing, offering a stronger level of security compared to SHA-1."
B-282,In-Context Learning,"Generate 10 questions with answer similar to questions, Q1: What is the SHA algorithm used for? Q2: How does SHA protect user data?  Use JSON format.","['SHA algorithm', 'user data']","['uses', 'has_a']","[['user', 'uses', 'data'], ['function', 'has_a', 'feature'], ['feature', 'uses', 'data']]",How does the SHA algorithm ensure data integrity?,"The SHA algorithm ensures data integrity by producing a fixed-size hash value based on the input data. Any modification in the input data, no matter how small, will result in a completely different hash value. By comparing the computed hash value with the original hash value, data integrity can be verified, ensuring that the data has not been altered."
B-283,In-Context Learning,"Generate 10 questions with answer similar to questions, Q1: What is the SHA algorithm used for? Q2: How does SHA protect user data?  Use JSON format.","['SHA algorithm', 'user data']","['uses', 'has_a']","[['user', 'uses', 'data'], ['function', 'has_a', 'feature'], ['feature', 'uses', 'data']]",What is the significance of using the SHA algorithm for password hashing?,"The SHA algorithm is commonly used for password hashing. When a user creates an account or updates their password, the password is transformed into a hash value using the SHA algorithm. This way, the actual password is not stored, providing an additional layer of security. During login, the input password is hashed and compared with the stored hash to verify its correctness."
B-284,In-Context Learning,"Generate 10 questions with answer similar to questions, Q1: What is the SHA algorithm used for? Q2: How does SHA protect user data?  Use JSON format.","['SHA algorithm', 'user data']","['uses', 'has_a']","[['user', 'uses', 'data'], ['function', 'has_a', 'feature'], ['feature', 'uses', 'data']]",Can the SHA algorithm be reversed to obtain the original data?,"No, the SHA algorithm is designed to be a one-way function, meaning it is computationally infeasible to reverse the process and obtain the original data from the hash value. The primary purpose of SHA is to provide data integrity and verification, not data recovery."
B-285,In-Context Learning,"Generate 10 questions with answer similar to questions, Q1: What is the SHA algorithm used for? Q2: How does SHA protect user data?  Use JSON format.","['SHA algorithm', 'user data']","['uses', 'has_a']","[['user', 'uses', 'data'], ['function', 'has_a', 'feature'], ['feature', 'uses', 'data']]",Is the SHA algorithm considered secure?,"While earlier variants like SHA-1 have known vulnerabilities and are no longer considered secure for certain applications, modern variants like SHA-256 are widely adopted and considered secure for various cryptographic purposes. However, it is important to stay updated with the latest recommendations and best practices in cryptographic algorithms."
B-286,In-Context Learning,"Generate 10 questions with answer similar to questions, Q1: What is the SHA algorithm used for? Q2: How does SHA protect user data?  Use JSON format.","['SHA algorithm', 'user data']","['uses', 'has_a']","[['user', 'uses', 'data'], ['function', 'has_a', 'feature'], ['feature', 'uses', 'data']]",In what scenarios is the SHA algorithm commonly used?,"The SHA algorithm is commonly used in scenarios where data integrity checks, digital signatures, or password hashing is required. It finds applications in areas such as secure communications, secure email, secure file transfer, blockchain technology, certificate authorities, and various other cryptographic protocols and systems."
B-287,In-Context Learning,"Generate 10 questions with answer similar to questions, Q1: What is the SHA algorithm used for? Q2: How does SHA protect user data?  Use JSON format.","['SHA algorithm', 'user data']","['uses', 'has_a']","[['user', 'uses', 'data'], ['function', 'has_a', 'feature'], ['feature', 'uses', 'data']]",Can the SHA algorithm be used for encryption purposes?,"No, the SHA algorithm is a hash function used for data integrity verification, not for encryption. It takes an input and produces a fixed-size hash value. If encryption is required, other cryptographic algorithms like AES (Advanced Encryption Standard) or RSA (Rivest-Shamir-Adleman) should be used."
B-288,In-Context Learning,"Generate 10 questions with answer similar to questions, Q1: What is the SHA algorithm used for? Q2: How does SHA protect user data?  Use JSON format.","['SHA algorithm', 'user data']","['uses', 'has_a']","[['user', 'uses', 'data'], ['function', 'has_a', 'feature'], ['feature', 'uses', 'data']]",Are there any limitations or considerations when using the SHA algorithm?,"While the SHA algorithm provides data integrity and other cryptographic benefits, it is important to consider factors such as the security strength of the specific SHA variant used, potential vulnerabilities that may be discovered over time, computational resources required for hashing, and adherence to recommended practices for salted and iterated hashing in password storage."
B-289,In-Context Learning,"Generate 10 questions with answer similar to questions, Q1: How can attackers use XOR function to implement attacks? Q2: What is a common use of XOR encryption?  Use JSON format.","['attackers', 'XOR function', 'encryption']","['uses', 'implements']","[['attacker', 'uses', 'function'], ['attacker', 'implements', 'attack']]",How can attackers use the XOR function to implement attacks?,"Attackers can use the XOR (Exclusive OR) function in various ways to implement attacks. XOR can be used for obfuscation, data manipulation, encryption bypass, or to exploit vulnerabilities in weakly protected systems. By leveraging the properties of XOR, attackers can alter data, perform bitwise operations, or evade detection mechanisms."
B-290,In-Context Learning,"Generate 10 questions with answer similar to questions, Q1: How can attackers use XOR function to implement attacks? Q2: What is a common use of XOR encryption?  Use JSON format.","['attackers', 'XOR function', 'encryption']","['uses', 'implements']","[['attacker', 'uses', 'function'], ['attacker', 'implements', 'attack']]",What is a common use of XOR encryption?,"A common use of XOR encryption is to protect sensitive data by applying XOR bitwise operations between the data and a secret key. XOR encryption is a symmetric encryption technique that provides a basic level of confidentiality. It is commonly used in simple encryption algorithms, file or message encryption, or as a component in more complex cryptographic systems."
B-291,In-Context Learning,"Generate 10 questions with answer similar to questions, Q1: How can attackers use XOR function to implement attacks? Q2: What is a common use of XOR encryption?  Use JSON format.","['attackers', 'XOR function', 'encryption']","['uses', 'implements']","[['attacker', 'uses', 'function'], ['attacker', 'implements', 'attack']]",How does XOR help in obfuscating data?,"XOR can be used to obfuscate data by applying XOR operations with specific patterns or keys. By XOR-ing data with carefully chosen values, attackers can hide sensitive information, mask patterns or signatures, confuse analysis tools, or attempt to evade detection by altering the structure or appearance of the data."
B-292,In-Context Learning,"Generate 10 questions with answer similar to questions, Q1: How can attackers use XOR function to implement attacks? Q2: What is a common use of XOR encryption?  Use JSON format.","['attackers', 'XOR function', 'encryption']","['uses', 'implements']","[['attacker', 'uses', 'function'], ['attacker', 'implements', 'attack']]",Can XOR be used to manipulate data?,"Yes, XOR can be used to manipulate data. By XOR-ing data with specific values or patterns, attackers can modify bits or specific portions of the data, manipulate control flow, change data structures, or inject malicious code or commands. XOR manipulation can be used in various attack techniques such as buffer overflows, code injection, or file format exploits."
B-293,In-Context Learning,"Generate 10 questions with answer similar to questions, Q1: How can attackers use XOR function to implement attacks? Q2: What is a common use of XOR encryption?  Use JSON format.","['attackers', 'XOR function', 'encryption']","['uses', 'implements']","[['attacker', 'uses', 'function'], ['attacker', 'implements', 'attack']]",How can XOR be used to bypass encryption or detection mechanisms?,"Attackers can use XOR to bypass encryption or detection mechanisms by applying XOR operations to encrypted data or malware. By XOR-ing the encrypted payload with specific keys or patterns, attackers can alter the ciphertext, evade signature-based detection, or attempt to bypass simple encryption detection algorithms that rely on known patterns."
B-294,In-Context Learning,"Generate 10 questions with answer similar to questions, Q1: How can attackers use XOR function to implement attacks? Q2: What is a common use of XOR encryption?  Use JSON format.","['attackers', 'XOR function', 'encryption']","['uses', 'implements']","[['attacker', 'uses', 'function'], ['attacker', 'implements', 'attack']]",What are some weaknesses or limitations of XOR encryption?,"XOR encryption has several weaknesses and limitations. It is vulnerable to known-plaintext attacks, frequency analysis, and statistical attacks. XOR encryption provides limited security against sophisticated adversaries, and its security heavily relies on the secrecy and randomness of the encryption key. It is generally considered a basic encryption method and not suitable for high-security requirements."
B-295,In-Context Learning,"Generate 10 questions with answer similar to questions, Q1: How can attackers use XOR function to implement attacks? Q2: What is a common use of XOR encryption?  Use JSON format.","['attackers', 'XOR function', 'encryption']","['uses', 'implements']","[['attacker', 'uses', 'function'], ['attacker', 'implements', 'attack']]",Can XOR encryption be used as a standalone encryption method?,"XOR encryption alone is not recommended as a standalone encryption method for sensitive data. While it can offer a basic level of confidentiality, it lacks other crucial elements such as key management, authentication, and integrity protection. For secure encryption, it is advisable to use established and robust encryption algorithms designed for specific security requirements."
B-296,In-Context Learning,"Generate 10 questions with answer similar to questions, Q1: How can attackers use XOR function to implement attacks? Q2: What is a common use of XOR encryption?  Use JSON format.","['attackers', 'XOR function', 'encryption']","['uses', 'implements']","[['attacker', 'uses', 'function'], ['attacker', 'implements', 'attack']]",In what scenarios is XOR encryption commonly used?,"XOR encryption is commonly used in scenarios where a simple level of encryption is required, such as basic data obfuscation, simple file encryption, or educational purposes. It can also be used as a component in more complex cryptographic systems, combined with other algorithms and security measures to enhance overall security."
B-297,In-Context Learning,"Generate 10 questions with answer similar to questions, Q1: How can attackers use XOR function to implement attacks? Q2: What is a common use of XOR encryption?  Use JSON format.","['attackers', 'XOR function', 'encryption']","['uses', 'implements']","[['attacker', 'uses', 'function'], ['attacker', 'implements', 'attack']]",Is XOR encryption considered strong encryption?,"XOR encryption is considered a weak form of encryption, primarily useful for simple and lightweight applications. Its simplicity makes it susceptible to various attacks, and it lacks the robustness and security features found in modern encryption algorithms. For secure encryption, it is recommended to use algorithms like AES (Advanced Encryption Standard) or RSA (Rivest-Shamir-Adleman)."
B-298,In-Context Learning,"Generate 10 questions with answer similar to questions, Q1: How can attackers use XOR function to implement attacks? Q2: What is a common use of XOR encryption?  Use JSON format.","['attackers', 'XOR function', 'encryption']","['uses', 'implements']","[['attacker', 'uses', 'function'], ['attacker', 'implements', 'attack']]",Can XOR encryption be used for secure communication or sensitive data protection?,"XOR encryption is not suitable for secure communication or protecting sensitive data. It lacks key management, authentication, integrity protection, and other essential security features required for secure communication. For secure communication, it is recommended to use established protocols like SSL/TLS (Secure Sockets Layer/Transport Layer Security) or VPNs (Virtual Private Networks) that incorporate strong encryption algorithms."
B-299,In-Context Learning,"Generate 10 questions with answer similar to questions, Q1: How can a hashing function protect user data from attackers? Q2: What is the benefit of using a hashing function to protect user data?  Use JSON format.","['hashing function', 'user data', 'attackers']","['uses', 'can_harm', 'can_analyze']","[['user', 'uses', 'data'], ['attacker', 'can_harm', 'data'], ['function', 'can_analyze', 'data']]",How can a hashing function protect user data from attackers?,"A hashing function can protect user data from attackers by converting the data into a fixed-length hash value. This hash value is unique to the input data and is computationally infeasible to reverse or retrieve the original data from. By storing and comparing hash values instead of the actual data, hashing functions protect user data from being exposed in the event of a security breach."
B-300,In-Context Learning,"Generate 10 questions with answer similar to questions, Q1: How can a hashing function protect user data from attackers? Q2: What is the benefit of using a hashing function to protect user data?  Use JSON format.","['hashing function', 'user data', 'attackers']","['uses', 'can_harm', 'can_analyze']","[['user', 'uses', 'data'], ['attacker', 'can_harm', 'data'], ['function', 'can_analyze', 'data']]",What is the benefit of using a hashing function to protect user data?,"Using a hashing function to protect user data offers several benefits. Firstly, it ensures data integrity, as any change in the input data will produce a different hash value. Secondly, it provides a layer of confidentiality, as the original data is not stored and only the hash value is retained. Lastly, it helps prevent unauthorized access to sensitive information, as the hash value alone is insufficient to derive the original data."
B-301,In-Context Learning,"Generate 10 questions with answer similar to questions, Q1: How can a hashing function protect user data from attackers? Q2: What is the benefit of using a hashing function to protect user data?  Use JSON format.","['hashing function', 'user data', 'attackers']","['uses', 'can_harm', 'can_analyze']","[['user', 'uses', 'data'], ['attacker', 'can_harm', 'data'], ['function', 'can_analyze', 'data']]",How does a hashing function ensure data integrity?,"A hashing function ensures data integrity by generating a fixed-size hash value based on the input data. Even a minor change in the input data will produce a completely different hash value. By comparing the computed hash value with the stored hash value, data integrity can be verified. If the hash values match, it indicates that the data has not been tampered with."
B-302,In-Context Learning,"Generate 10 questions with answer similar to questions, Q1: How can a hashing function protect user data from attackers? Q2: What is the benefit of using a hashing function to protect user data?  Use JSON format.","['hashing function', 'user data', 'attackers']","['uses', 'can_harm', 'can_analyze']","[['user', 'uses', 'data'], ['attacker', 'can_harm', 'data'], ['function', 'can_analyze', 'data']]",What are some common hashing algorithms used to protect user data?,"There are several common hashing algorithms used to protect user data, including MD5 (Message Digest Algorithm 5), SHA-1 (Secure Hash Algorithm 1), SHA-256, and SHA-512. These algorithms are widely adopted and provide varying levels of security. It is recommended to use stronger hashing algorithms like SHA-256 or SHA-512 for better protection against modern attacks."
B-303,In-Context Learning,"Generate 10 questions with answer similar to questions, Q1: How can a hashing function protect user data from attackers? Q2: What is the benefit of using a hashing function to protect user data?  Use JSON format.","['hashing function', 'user data', 'attackers']","['uses', 'can_harm', 'can_analyze']","[['user', 'uses', 'data'], ['attacker', 'can_harm', 'data'], ['function', 'can_analyze', 'data']]",Can a hashing function be reversed to retrieve the original data?,"No, a properly designed hashing function is a one-way process, meaning it is computationally infeasible to reverse or retrieve the original data from the hash value. Hashing functions are designed to provide data integrity and verification, not data recovery. This property ensures that even if the hash value is compromised, the original data remains protected."
B-304,In-Context Learning,"Generate 10 questions with answer similar to questions, Q1: How can a hashing function protect user data from attackers? Q2: What is the benefit of using a hashing function to protect user data?  Use JSON format.","['hashing function', 'user data', 'attackers']","['uses', 'can_harm', 'can_analyze']","[['user', 'uses', 'data'], ['attacker', 'can_harm', 'data'], ['function', 'can_analyze', 'data']]",Can attackers bypass a hashing function to retrieve the original data?,"In general, it is extremely difficult for attackers to bypass a properly implemented and secure hashing function. To retrieve the original data, attackers would need to perform a brute-force attack, which involves trying every possible input until a matching hash value is found. However, with strong hashing algorithms and appropriate hash lengths, the computational cost of such attacks is prohibitively high."
B-305,In-Context Learning,"Generate 10 questions with answer similar to questions, Q1: How can a hashing function protect user data from attackers? Q2: What is the benefit of using a hashing function to protect user data?  Use JSON format.","['hashing function', 'user data', 'attackers']","['uses', 'can_harm', 'can_analyze']","[['user', 'uses', 'data'], ['attacker', 'can_harm', 'data'], ['function', 'can_analyze', 'data']]",What is the role of salt in hashing functions?,"Salt is a random value added to the input data before hashing. It helps enhance the security of hashing functions by introducing uniqueness and complexity to the hash value. Salting prevents attackers from using precomputed tables (rainbow tables) or dictionary attacks effectively. Each user's data is salted with a unique value, making it computationally infeasible to precompute hashes for all possible inputs."
B-306,In-Context Learning,"Generate 10 questions with answer similar to questions, Q1: How can a hashing function protect user data from attackers? Q2: What is the benefit of using a hashing function to protect user data?  Use JSON format.","['hashing function', 'user data', 'attackers']","['uses', 'can_harm', 'can_analyze']","[['user', 'uses', 'data'], ['attacker', 'can_harm', 'data'], ['function', 'can_analyze', 'data']]",Can multiple different inputs produce the same hash value?,"In theory, multiple different inputs can produce the same hash value due to the possibility of collisions. However, good hashing algorithms are designed to minimize the occurrence of collisions by providing a large hash space and employing complex algorithms. The likelihood of finding two different inputs that produce the same hash value is extremely low, especially with stronger hashing algorithms."
B-307,In-Context Learning,"Generate 10 questions with answer similar to questions, Q1: How can a hashing function protect user data from attackers? Q2: What is the benefit of using a hashing function to protect user data?  Use JSON format.","['hashing function', 'user data', 'attackers']","['uses', 'can_harm', 'can_analyze']","[['user', 'uses', 'data'], ['attacker', 'can_harm', 'data'], ['function', 'can_analyze', 'data']]",Can a hashing function be used to store passwords securely?,"Yes, a hashing function is commonly used to store passwords securely. Instead of storing the actual passwords, the hashed values are stored. When a user enters their password, it is hashed and compared to the stored hash value. This way, even if the password database is compromised, the original passwords remain protected as the hash values alone are insufficient to derive the passwords."
B-308,In-Context Learning,"Generate 10 questions with answer similar to questions, Q1: How can a hashing function protect user data from attackers? Q2: What is the benefit of using a hashing function to protect user data?  Use JSON format.","['hashing function', 'user data', 'attackers']","['uses', 'can_harm', 'can_analyze']","[['user', 'uses', 'data'], ['attacker', 'can_harm', 'data'], ['function', 'can_analyze', 'data']]",Is it possible to determine the original data based on the hash value?,"No, it is not possible to determine the original data based solely on the hash value. A hashing function is designed to be irreversible, meaning it is computationally infeasible to retrieve the original data from the hash value. Therefore, even if the hash value is known, the original data remains securely protected."
B-309,In-Context Learning,"Generate questions with answer similar to questions, Q1: Will the app become vulnerable if session ID is exposed?, Q2: Which tools are used to analyze vulnerability exposed by session ID?","['Session ID', 'Vulnerability']",['can_expose'],"[['feature', 'can_expose', 'vulnerability']]",How can exposure of session ID make an app vulnerable?,"If a session ID is exposed, an attacker could potentially use it to hijack the user's session and gain unauthorized access to the user's account or sensitive data. This can make the app vulnerable to attacks such as session hijacking, session fixation, and session prediction."
B-310,In-Context Learning,"Generate questions with answer similar to questions, Q1: Will the app become vulnerable if session ID is exposed?, Q2: Which tools are used to analyze vulnerability exposed by session ID?","['Session ID', 'Vulnerability']",['can_expose'],"[['feature', 'can_expose', 'vulnerability']]",How does exposing a session ID make an application vulnerable?,"If a session ID is exposed, an attacker could potentially use it to hijack the user's session and gain unauthorized access to the user's account or sensitive data. This can make the app vulnerable to attacks such as session hijacking, session fixation, and session prediction."
B-311,In-Context Learning,"Generate questions with answer similar to questions, Q1: Will the app become vulnerable if session ID is exposed?, Q2: Which tools are used to analyze vulnerability exposed by session ID?","['Session ID', 'Vulnerability']",['can_expose'],"[['feature', 'can_expose', 'vulnerability']]",What tools are commonly used to analyze vulnerabilities related to session ID?,"There are several tools that can be used to analyze vulnerabilities related to session ID, such as Burp Suite, OWASP ZAP, and Fiddler. These tools allow security professionals to intercept and manipulate HTTP requests, including session ID values, to identify potential vulnerabilities and test for exploits."
B-312,In-Context Learning,"Generate questions with answer similar to questions, Q1: Will the app become vulnerable if session ID is exposed?, Q2: Which tools are used to analyze vulnerability exposed by session ID?","['Session ID', 'Vulnerability']",['can_expose'],"[['feature', 'can_expose', 'vulnerability']]",What are some commonly used tools to analyze vulnerabilities related to session ID?,"There are several tools that can be used to analyze vulnerabilities related to session ID, such as Burp Suite, OWASP ZAP, and Fiddler. These tools allow security professionals to intercept and manipulate HTTP requests, including session ID values, to identify potential vulnerabilities and test for exploits."
B-313,In-Context Learning,Generate questions with answer similar to questions. Q1: Can cookies be hacked? Q2: Can cookies expose user information to hacker?,"['Cookies', 'hacker', 'vulnerability']",['can_expose'],"[['feature', 'can_expose', 'vulnerability']]",Is it possible for cookies to be exploited by hackers?,"Yes, cookies can be exploited by hackers to gain unauthorized access to user information or to perform other malicious activities."
B-314,In-Context Learning,Generate questions with answer similar to questions. Q1: Can cookies be hacked? Q2: Can cookies expose user information to hacker?,"['Cookies', 'hacker', 'vulnerability']",['can_expose'],"[['feature', 'can_expose', 'vulnerability']]",Do cookies pose a security vulnerability to an app?,"Yes, cookies can pose a security vulnerability to an app if they are not properly implemented or secured."
B-315,In-Context Learning,Generate questions with answer similar to questions. Q1: Can cookies be hacked? Q2: Can cookies expose user information to hacker?,"['Cookies', 'hacker', 'vulnerability']",['can_expose'],"[['feature', 'can_expose', 'vulnerability']]",Can cookies be used to steal user login credentials?,"Yes, cookies can be used to steal user login credentials if they are not properly encrypted or secured."
B-316,In-Context Learning,Generate questions with answer similar to questions. Q1: Can cookies be hacked? Q2: Can cookies expose user information to hacker?,"['Cookies', 'hacker', 'vulnerability']",['can_expose'],"[['feature', 'can_expose', 'vulnerability']]",Can cookies be intercepted by third parties?,"Yes, cookies can be intercepted by third parties, especially if they are transmitted over an unsecured network or if the app does not use HTTPS protocol."
B-317,In-Context Learning,Generate questions with answer similar to questions. Q1: Can cookies be hacked? Q2: Can cookies expose user information to hacker?,"['Cookies', 'hacker', 'vulnerability']",['can_expose'],"[['feature', 'can_expose', 'vulnerability']]",Do cookies store sensitive user information?,"Yes, cookies can store sensitive user information, such as login credentials, personal preferences, and browsing history."
B-318,In-Context Learning,Generate questions with answer similar to questions. Q1: Can cookies be hacked? Q2: Can cookies expose user information to hacker?,"['Cookies', 'hacker', 'vulnerability']",['can_expose'],"[['feature', 'can_expose', 'vulnerability']]",Can cookies be deleted or blocked by users?,"Yes, users can delete or block cookies through their browser settings or using third-party software."
B-319,In-Context Learning,Generate questions with answer similar to questions. Q1: Can cookies be hacked? Q2: Can cookies expose user information to hacker?,"['Cookies', 'hacker', 'vulnerability']",['can_expose'],"[['feature', 'can_expose', 'vulnerability']]",Are cookies used for tracking user behavior?,"Yes, cookies are often used for tracking user behavior, such as the pages visited, items purchased, and ads clicked."
B-320,In-Context Learning,Generate questions with answer similar to questions. Q1: Can cookies be hacked? Q2: Can cookies expose user information to hacker?,"['Cookies', 'hacker', 'vulnerability']",['can_expose'],"[['feature', 'can_expose', 'vulnerability']]",Can cookies be used for cross-site scripting attacks?,"Yes, cookies can be used for cross-site scripting attacks if they are not properly validated or sanitized by the app."
B-321,In-Context Learning,Generate questions with answer similar to questions. Q1: Can cookies be hacked? Q2: Can cookies expose user information to hacker?,"['Cookies', 'hacker', 'vulnerability']",['can_expose'],"[['feature', 'can_expose', 'vulnerability']]",Can cookies be used to launch CSRF attacks?,"Yes, cookies can be used to launch CSRF attacks if they are not properly secured or if the app does not use CSRF tokens."
B-322,In-Context Learning,Generate questions with answer similar to questions. Q1: Can cookies be hacked? Q2: Can cookies expose user information to hacker?,"['Cookies', 'hacker', 'vulnerability']",['can_expose'],"[['feature', 'can_expose', 'vulnerability']]",Can cookies be used for session hijacking attacks?,"Yes, cookies can be used for session hijacking attacks if they are not properly encrypted or if the app does not use secure session management techniques."
B-323,In-Context Learning,Generate questions with answer similar to questions. Q1: Can cookies be hacked? Q2: Can cookies expose user information to hacker?,"['Cookies', 'hacker', 'vulnerability']",['can_expose'],"[['feature', 'can_expose', 'vulnerability']]",What role does packet forwarding play in routing network traffic?,"Packet forwarding enables routers and other network devices to route network traffic between different networks.,"
B-324,In-Context Learning,"Generate 10 questions with answer similar to questions, Q1: How does Routers and network devices make use of packet forwarding?, Q2: Can Packet forwarding be used to analyze network data and detect attacks?","['packet forwarding', 'network traffic', 'networks', 'Routers', 'network devices', 'network data', 'attacks']",['has_a'],"[['system', 'has_a', 'feature'], ['feature', 'can_detect', 'attack']]",How can packet forwarding be used to improve network performance?,"Packet forwarding can be optimized to improve network performance by reducing latency and minimizing packet loss.,"
B-325,In-Context Learning,"Generate 10 questions with answer similar to questions, Q1: How does Routers and network devices make use of packet forwarding?, Q2: Can Packet forwarding be used to analyze network data and detect attacks?","['packet forwarding', 'network traffic', 'networks', 'Routers', 'network devices', 'network data', 'attacks']",['has_a'],"[['system', 'has_a', 'feature'], ['feature', 'can_detect', 'attack']]",What is the difference between packet forwarding and packet switching?,"Packet forwarding refers to the process of forwarding network packets from one network interface to another, while packet switching refers to the process of forwarding packets between different nodes in a network.,"
B-326,In-Context Learning,"Generate 10 questions with answer similar to questions, Q1: How does Routers and network devices make use of packet forwarding?, Q2: Can Packet forwarding be used to analyze network data and detect attacks?","['packet forwarding', 'network traffic', 'networks', 'Routers', 'network devices', 'network data', 'attacks']",['has_a'],"[['system', 'has_a', 'feature'], ['feature', 'can_detect', 'attack']]",How can packet forwarding be used to prioritize network traffic?,"Packet forwarding can be used to prioritize network traffic by implementing Quality of Service (QoS) policies that give certain types of traffic higher priority than others.,"
B-327,In-Context Learning,"Generate 10 questions with answer similar to questions, Q1: How does Routers and network devices make use of packet forwarding?, Q2: Can Packet forwarding be used to analyze network data and detect attacks?","['packet forwarding', 'network traffic', 'networks', 'Routers', 'network devices', 'network data', 'attacks']",['has_a'],"[['system', 'has_a', 'feature'], ['feature', 'can_detect', 'attack']]",Can packet forwarding be used to analyze network traffic and detect security threats?,"Yes, packet forwarding can be used to analyze network traffic and detect security threats such as packet sniffing, port scanning, and DDoS attacks.,"
B-328,In-Context Learning,"Generate 10 questions with answer similar to questions, Q1: How does Routers and network devices make use of packet forwarding?, Q2: Can Packet forwarding be used to analyze network data and detect attacks?","['packet forwarding', 'network traffic', 'networks', 'Routers', 'network devices', 'network data', 'attacks']",['has_a'],"[['system', 'has_a', 'feature'], ['feature', 'can_detect', 'attack']]",How can packet forwarding be optimized to reduce network congestion?,"Packet forwarding can be optimized to reduce network congestion by implementing traffic shaping policies that limit the amount of data that can be sent over the network at any given time.,"
B-329,In-Context Learning,"Generate 10 questions with answer similar to questions, Q1: How does Routers and network devices make use of packet forwarding?, Q2: Can Packet forwarding be used to analyze network data and detect attacks?","['packet forwarding', 'network traffic', 'networks', 'Routers', 'network devices', 'network data', 'attacks']",['has_a'],"[['system', 'has_a', 'feature'], ['feature', 'can_detect', 'attack']]",What is the role of packet forwarding in load balancing?,"Packet forwarding plays a crucial role in load balancing by distributing network traffic across multiple servers to improve performance and prevent server overload.,"
B-330,In-Context Learning,"Generate 10 questions with answer similar to questions, Q1: How does Routers and network devices make use of packet forwarding?, Q2: Can Packet forwarding be used to analyze network data and detect attacks?","['packet forwarding', 'network traffic', 'networks', 'Routers', 'network devices', 'network data', 'attacks']",['has_a'],"[['system', 'has_a', 'feature'], ['feature', 'can_detect', 'attack']]",How can packet forwarding be used to enforce network security policies?,"Packet forwarding can be used to enforce network security policies by blocking or filtering network traffic that violates established policies.,"
B-331,In-Context Learning,"Generate 10 questions with answer similar to questions, Q1: How does Routers and network devices make use of packet forwarding?, Q2: Can Packet forwarding be used to analyze network data and detect attacks?","['packet forwarding', 'network traffic', 'networks', 'Routers', 'network devices', 'network data', 'attacks']",['has_a'],"[['system', 'has_a', 'feature'], ['feature', 'can_detect', 'attack']]",What is packet classification?,"Packet classification is the process of categorizing network traffic based on predefined criteria, such as source and destination IP addresses or packet content.,"
B-332,In-Context Learning,"Generate 10 questions with answer similar to questions, Q1: How does Routers and network devices make use of packet forwarding?, Q2: Can Packet forwarding be used to analyze network data and detect attacks?","['packet forwarding', 'network traffic', 'networks', 'Routers', 'network devices', 'network data', 'attacks']",['has_a'],"[['system', 'has_a', 'feature'], ['feature', 'can_detect', 'attack']]",How can packet classification be used in packet forwarding?,"Packet classification can be used in packet forwarding to prioritize or route network traffic based on its classification.,"
